LGA,Lat,Long,22-Jan,24-Jan,25-Jan,21-Feb,26-Feb,27-Feb,29-Feb,1-Mar,2-Mar,3-Mar,4-Mar,5-Mar,6-Mar,7-Mar,8-Mar,9-Mar,10-Mar,11-Mar,12-Mar,13-Mar,14-Mar,15-Mar,16-Mar,17-Mar,18-Mar,19-Mar,20-Mar,21-Mar,22-Mar,23-Mar,24-Mar,25-Mar,26-Mar,27-Mar,28-Mar,29-Mar,30-Mar
Albury,-36.0266,146.9705,0,0,0,0,0,0,0,0,0,0,0,0,0,0,0,0,0,0,0,0,0,0,0,0,0,0,0,0,2,2,5,5,7,7,7,7,8
Armidale Dumaresq,-30.546,151.9576,0,0,0,0,0,0,0,0,0,0,0,0,0,0,0,0,0,0,0,0,0,0,0,0,0,0,0,0,0,0,0,0,0,0,2,2,2
Ashfield,-33.8859,151.1306,0,0,0,0,0,0,0,0,0,0,0,2,0,0,0,0,0,0,0,0,0,0,0,0,0,0,0,0,0,0,0,0,0,0,0,0,0
Auburn,-33.8547,151.0459,0,0,0,0,0,0,0,0,0,0,0,0,0,0,0,0,0,0,0,0,0,0,0,0,0,0,0,0,0,0,0,0,0,0,0,0,41
Ballina,-28.8525,153.486,0,0,0,0,0,0,0,0,0,0,0,0,0,0,0,0,0,0,0,0,0,0,0,0,0,0,0,0,2,2,2,2,2,2,3,3,2
Balranald,-33.9503,143.6117,0,0,0,0,0,0,0,0,0,0,0,0,0,0,0,0,0,0,0,0,0,0,0,0,0,0,0,0,0,0,0,0,0,0,0,0,0
Bankstown,-33.9234,151.0132,0,0,0,0,0,0,0,0,0,0,0,0,3,3,3,3,3,3,3,3,3,4,5,5,7,13,18,18,24,30,36,43,53,56,63,65,67
Bathurst Regional,-33.4301,149.5256,0,0,0,0,0,0,0,0,0,0,0,0,0,0,0,0,0,0,0,0,0,0,0,2,2,2,3,3,5,5,7,8,9,9,9,10,10
Bega Valley,-36.8165,149.7205,0,0,0,0,0,0,0,0,0,0,0,0,0,0,0,0,0,0,0,0,0,0,0,0,0,0,0,3,4,4,7,9,9,9,9,9,9
Bellingen,-30.374,152.725,0,0,0,0,0,0,0,0,0,0,0,0,0,0,0,0,0,0,0,0,0,0,0,0,0,0,0,0,0,0,0,0,0,2,2,2,2
Berrigan,-35.7342,145.7112,0,0,0,0,0,0,0,0,0,0,0,0,0,0,0,0,0,0,0,0,0,0,0,0,0,0,0,0,0,0,0,0,0,0,0,2,2
Blacktown,-33.7415,150.8645,0,0,0,0,0,0,0,0,0,0,0,0,0,0,2,4,4,6,7,8,8,8,9,10,11,11,12,16,21,24,28,36,42,48,53,59,68
Bland,-33.919,146.927,0,0,0,0,0,0,0,0,0,0,0,0,0,0,0,0,0,0,0,0,0,0,0,0,0,0,0,0,0,0,0,0,0,0,0,0,0
Blayney,-33.5943,149.1421,0,0,0,0,0,0,0,0,0,0,0,0,0,0,0,0,0,0,0,0,0,0,0,0,0,0,0,0,2,4,4,4,4,4,4,4,2
Blue Mountains,-33.6976,150.4112,0,0,0,0,0,0,0,0,0,0,0,0,0,2,2,2,3,3,3,4,4,4,4,4,5,5,6,6,6,9,11,14,16,17,17,17,19
Bogan,-31.57,146.906,0,0,0,0,0,0,0,0,0,0,0,0,0,0,0,0,0,0,0,0,0,0,0,0,0,0,0,0,0,0,0,0,0,0,0,0,0
Bombala,-36.911,148.747,0,0,0,0,0,0,0,0,0,0,0,0,0,0,0,0,0,0,0,0,0,0,0,0,0,0,0,0,0,0,0,2,6,6,6,6,7
Boorowa,-34.2936,148.8513,0,0,0,0,0,0,0,0,0,0,0,0,0,0,0,0,0,0,0,0,0,0,0,0,0,0,0,0,0,0,0,0,0,0,0,0,0
Botany Bay,-33.9423,151.2019,0,0,0,0,0,0,0,0,2,2,2,2,0,0,0,0,0,0,0,0,0,0,0,0,0,0,0,0,0,0,0,0,0,0,0,0,0
Bourke,-29.9106,145.3568,0,0,0,0,0,0,0,0,0,0,0,0,0,0,0,0,0,0,0,0,0,0,0,0,0,0,0,0,0,0,0,0,0,0,0,0,0
Brewarrina,-29.7915,146.961,0,0,0,0,0,0,0,0,0,0,0,0,0,0,0,0,0,0,0,0,0,0,0,0,0,0,0,0,0,0,0,0,0,0,0,0,0
Broken Hill,-31.9441,141.479,0,0,0,0,0,0,0,0,0,0,0,0,0,0,0,0,0,0,0,0,0,0,0,0,0,0,0,0,0,0,0,0,0,0,0,0,0
Burwood,-33.8836,151.1032,2,2,2,2,2,2,2,2,2,2,2,2,2,2,2,2,2,2,2,2,2,3,3,3,3,3,3,3,3,5,5,5,5,5,5,7,7
Byron,-28.6042,153.4827,0,0,0,0,0,0,0,0,0,0,0,0,0,0,0,0,0,0,0,0,2,2,3,3,3,3,3,3,3,3,4,5,6,6,8,8,9
Cabonne,-33.1529,148.7543,0,0,0,0,0,0,0,0,0,0,0,0,0,0,0,0,0,0,0,0,0,0,0,0,0,0,0,0,0,0,2,2,2,3,3,3,2
Camden,-34.0086,150.7241,0,0,0,0,0,0,0,0,0,0,0,0,0,0,0,0,0,0,5,5,5,5,5,9,11,11,11,13,16,18,18,19,23,26,27,27,27
Campbelltown,-34.0833,150.8459,0,0,0,0,0,0,0,0,0,0,0,0,0,0,0,0,0,0,2,2,2,2,2,2,2,2,2,8,11,11,12,17,20,22,24,25,25
Canada Bay,-33.8485,151.1035,0,0,0,0,0,0,0,0,0,0,0,0,0,0,0,3,3,3,4,4,4,4,4,4,4,4,4,4,4,4,5,7,9,10,13,14,15
Canterbury,-33.922,151.097,0,0,0,0,0,0,0,0,0,3,3,3,0,0,0,0,0,0,0,0,0,0,0,0,0,0,0,0,0,0,0,0,0,0,0,0,0
Carrathool,-33.6089,145.4965,0,0,0,0,0,0,0,0,0,0,0,0,0,0,0,0,0,0,0,0,0,0,0,0,0,0,0,0,0,0,0,0,0,0,0,0,0
Central Darling,-31.7715,143.6205,0,0,0,0,0,0,0,0,0,0,0,0,0,0,0,0,0,0,0,0,0,0,0,0,0,0,0,0,0,0,0,0,0,0,0,0,0
Cessnock,-32.9251,151.2249,0,0,0,0,0,0,0,0,0,0,0,0,0,0,0,0,0,0,0,3,4,4,5,6,7,7,7,7,10,10,13,13,15,16,17,17,17
Clarence Valley,-29.6945,152.773,0,0,0,0,0,0,0,0,0,0,0,0,0,0,0,0,0,0,0,0,0,0,0,0,0,2,2,2,4,4,5,5,7,8,9,9,9
Cobar,-31.868,145.483,0,0,0,0,0,0,0,0,0,0,0,0,0,0,0,0,0,0,0,0,0,0,0,0,0,0,0,0,0,0,0,0,0,0,0,0,0
Coffs Harbour,-30.216,153.029,0,0,0,0,0,0,0,0,0,0,0,0,0,0,0,0,0,0,3,3,3,3,3,3,3,3,3,3,3,3,3,6,6,8,8,8,8
Conargo,-35.1666,144.941,0,0,0,0,0,0,0,0,0,0,0,0,0,0,0,0,0,0,0,0,0,0,0,0,0,0,0,0,0,0,0,0,0,0,0,0,0
Coolamon,-34.6324,147.1049,0,0,0,0,0,0,0,0,0,0,0,0,0,0,0,0,0,0,0,0,0,0,0,0,0,0,0,0,0,0,0,0,0,0,0,0,0
Cooma-monaro,-36.0696,149.2247,0,0,0,0,0,0,0,0,0,0,0,0,0,0,0,0,0,0,0,0,0,0,0,0,0,0,0,0,0,0,0,0,0,0,0,0,0
Coonamble,-30.867,148.2905,0,0,0,0,0,0,0,0,0,0,0,0,0,0,0,0,0,0,0,0,0,0,0,0,0,0,0,0,0,0,0,0,0,0,0,0,0
Cootamundra,-34.5899,148.0141,0,0,0,0,0,0,0,0,0,0,0,0,0,0,0,0,0,0,0,0,0,0,0,0,0,0,0,0,0,0,2,2,2,2,2,2,2
Corowa Shire,-35.817,146.178,0,0,0,0,0,0,0,0,0,0,0,0,0,0,0,0,0,0,0,0,0,0,0,0,0,0,0,0,0,0,0,0,0,0,0,0,0
Cowra,-33.7964,148.7179,0,0,0,0,0,0,0,0,0,0,0,0,0,0,0,0,0,0,0,0,0,0,0,0,0,0,0,0,0,0,0,0,0,0,0,0,0
Deniliquin,-35.529,144.973,0,0,0,0,0,0,0,0,0,0,0,0,0,0,0,0,0,0,0,0,0,0,0,0,0,0,0,0,0,0,0,0,0,0,0,0,0
Dubbo,-32.2253,148.6642,0,0,0,0,0,0,0,0,0,0,0,0,0,0,0,0,0,0,0,0,0,0,0,0,0,0,0,0,0,0,0,0,0,0,0,0,0
Dungog,-32.346,151.6115,0,0,0,0,0,0,0,0,0,0,0,0,0,0,0,0,0,0,0,0,0,0,0,0,0,4,4,4,4,4,4,4,5,5,5,5,2
Eurobodalla,-35.9835,149.9255,0,0,0,0,0,0,0,0,0,0,0,0,0,0,0,0,0,0,0,0,0,0,0,0,0,0,0,4,4,4,5,5,5,7,9,9,10
Fairfield,-33.8675,150.9015,0,0,0,0,0,0,0,3,3,3,3,3,3,3,4,4,4,4,4,4,4,4,4,4,4,4,4,4,4,4,6,6,10,10,10,10,11
Forbes,-33.4218,147.8669,0,0,0,0,0,0,0,0,0,0,0,0,0,0,0,0,0,0,0,0,0,0,0,0,0,0,0,0,0,0,0,0,0,0,0,0,0
Gilgandra,-31.633,148.7035,0,0,0,0,0,0,0,0,0,0,0,0,0,0,0,0,0,0,0,0,0,0,0,0,0,0,0,0,0,0,0,0,0,0,0,0,0
Glen Innes Severn,-29.6449,151.9031,0,0,0,0,0,0,0,0,0,0,0,0,0,0,0,0,0,0,0,0,0,0,0,0,0,0,0,0,0,0,0,3,3,3,3,3,2
Gloucester,-31.888,151.776,0,0,0,0,0,0,0,0,0,0,0,0,2,2,2,2,2,2,2,2,4,4,5,5,5,6,8,9,12,13,18,24,25,31,31,32,33
Gosford,-33.3741,151.2199,0,0,0,0,0,0,0,0,0,0,0,0,0,0,0,0,0,2,2,2,2,3,4,4,7,8,11,16,20,26,37,46,57,72,78,84,85
Goulburn Mulwaree,-34.8759,149.8135,0,0,0,0,0,0,0,0,0,0,0,2,2,2,2,2,2,2,2,2,2,2,2,2,2,2,2,2,3,5,6,6,8,8,8,8,9
Great Lakes,-32.3835,152.1105,0,0,0,0,0,0,0,0,0,0,0,0,2,2,2,2,2,2,2,2,4,4,5,5,5,6,8,9,12,13,18,24,25,31,31,32,33
Greater Hume Shire,-35.758,147.1975,0,0,0,0,0,0,0,0,0,0,0,0,0,0,0,0,0,0,0,0,0,0,0,0,0,0,0,0,0,0,0,3,3,3,3,4,2
Greater Taree,-31.7921,152.2815,0,0,0,0,0,0,0,0,0,0,0,0,2,2,2,2,2,2,2,2,4,4,5,5,5,6,8,9,12,13,18,24,25,31,31,32,33
Griffith,-34.3004,146.0035,0,0,0,0,0,0,0,0,0,0,0,0,0,0,0,0,0,0,0,0,0,0,0,0,0,0,0,0,0,0,2,2,4,4,4,4,2
Gundagai,-35.0152,148.1435,0,0,0,0,0,0,0,0,0,0,0,0,0,0,0,0,0,0,0,0,0,0,0,0,0,0,0,0,0,0,2,2,2,2,2,2,2
Gunnedah,-31.024,150.1155,0,0,0,0,0,0,0,0,0,0,0,0,0,0,0,0,0,0,0,0,0,0,0,0,0,0,0,0,0,0,0,0,0,0,0,0,0
Guyra,-30.1755,151.679,0,0,0,0,0,0,0,0,0,0,0,0,0,0,0,0,0,0,0,0,0,0,0,0,0,0,0,0,0,0,0,0,0,0,2,2,2
Gwydir,-29.498,150.538,0,0,0,0,0,0,0,0,0,0,0,0,0,0,0,0,0,0,0,0,0,0,0,0,0,0,0,0,0,0,0,0,0,0,0,0,0
Harden,-34.6285,148.406,0,0,0,0,0,0,0,0,0,0,0,0,0,0,0,0,0,0,0,0,0,0,0,0,0,0,0,0,0,0,0,0,0,0,0,0,0
Hawkesbury,-33.3347,150.7733,0,0,0,0,0,0,0,0,0,0,0,0,0,0,0,0,0,0,2,3,3,3,3,3,4,4,4,4,6,8,15,18,20,21,21,21,21
Hay,-34.3159,144.6838,0,0,0,0,0,0,0,0,0,0,0,0,0,0,0,0,0,0,0,0,0,0,0,0,0,0,0,0,0,0,0,0,0,0,2,3,2
Holroyd,-33.8281,150.9576,0,0,0,0,0,0,0,0,0,0,0,0,3,3,3,3,3,3,3,3,5,6,7,7,10,13,13,15,19,22,24,25,30,33,38,38,41
Hornsby,-33.6495,151.1095,0,0,0,0,0,0,2,2,3,3,3,4,6,6,7,7,7,10,11,12,12,13,13,15,16,17,20,20,21,27,29,32,35,39,40,40,41
Hunters Hill,-33.8334,151.145,0,0,0,0,0,0,0,0,0,0,0,0,0,0,0,0,0,2,2,3,3,4,5,5,5,6,6,6,7,7,8,10,12,12,12,12,12
Hurstville,-33.9643,151.0714,0,0,0,0,0,0,0,0,0,0,0,0,0,0,0,0,0,0,0,2,2,2,2,2,2,3,7,9,12,12,14,16,23,29,30,33,34
Inverell,-29.36,151.0677,0,0,0,0,0,0,0,0,0,0,0,0,0,0,0,0,0,0,0,0,0,0,0,0,0,0,0,0,0,3,4,4,4,4,4,4,2
Jerilderie,-35.223,145.783,0,0,0,0,0,0,0,0,0,0,0,0,0,0,0,0,0,0,0,0,0,0,0,0,0,0,0,0,0,0,0,0,0,2,3,3,2
Junee,-34.8171,147.6688,0,0,0,0,0,0,0,0,0,0,0,0,0,0,0,0,0,0,0,0,0,0,0,0,0,0,0,0,0,0,0,0,0,0,0,0,0
Kempsey,-30.9515,152.645,0,0,0,0,0,0,0,0,0,0,0,0,0,0,0,0,0,0,0,0,0,0,0,0,0,0,0,0,0,2,2,2,3,3,3,3,2
Kiama,-34.6789,150.7562,0,0,0,0,0,0,0,0,0,0,0,0,0,0,0,0,0,0,0,0,0,0,2,2,2,3,3,3,3,4,4,4,4,4,4,4,2
Ku-ring-gai,-33.727,151.149,0,0,2,2,3,4,4,4,4,4,4,5,5,5,5,5,5,5,5,5,5,7,8,9,10,14,19,20,22,26,27,28,30,38,40,40,41
Kyogle,-28.6465,152.7505,0,0,0,0,0,0,0,0,0,0,0,0,0,0,0,0,0,0,0,0,0,0,0,0,0,0,0,0,0,0,0,0,0,0,0,0,0
Lachlan,-32.92,146.9899,0,0,0,0,0,0,0,0,0,0,0,0,0,0,0,0,0,0,0,0,0,0,0,0,0,0,0,0,0,0,0,0,0,2,2,2,2
Lake Macquarie,-33.0375,151.4975,0,0,0,0,0,0,0,0,0,0,0,0,0,0,0,0,0,0,0,0,2,2,2,2,4,4,5,7,13,22,28,31,32,33,33,34,37
Lane Cove,-33.8199,151.1666,0,0,0,0,0,0,0,0,0,0,0,0,0,0,0,2,3,3,3,5,5,5,5,5,6,11,11,12,16,19,20,21,22,24,24,26,27
Leeton,-34.5322,146.3023,0,0,0,0,0,0,0,0,0,0,0,0,0,0,0,0,0,0,0,0,0,0,0,0,0,0,0,0,0,0,0,0,0,0,0,0,0
Leichhardt,-33.868,151.167,0,0,0,0,0,0,0,0,0,0,0,0,0,0,0,0,0,0,0,0,0,0,0,0,0,0,0,0,0,0,0,0,0,0,0,0,0
Lismore,-28.7563,153.2707,0,0,0,0,0,0,0,0,0,0,0,0,0,0,0,0,0,0,0,0,0,0,0,0,0,0,0,0,3,3,5,5,5,6,6,6,6
Lithgow,-33.2777,150.1791,0,0,0,0,0,0,0,0,0,0,0,0,0,0,0,0,0,0,0,0,0,0,0,0,0,0,0,0,0,2,2,2,2,2,2,2,2
Liverpool,-33.9357,150.8254,0,0,0,0,0,0,0,0,0,0,0,0,0,0,2,2,2,3,4,4,4,4,5,5,6,7,10,13,14,18,22,23,25,29,29,30,33
Liverpool Plains,-31.5505,150.4384,0,0,0,0,0,0,0,0,0,0,0,0,0,0,0,0,0,0,0,0,0,0,0,0,0,2,3,3,3,3,3,3,3,3,3,3,2
Lockhart,-35.322,146.608,0,0,0,0,0,0,0,0,0,0,0,0,0,0,0,0,0,0,0,0,0,0,0,0,0,0,0,0,0,0,0,0,0,0,0,0,0
Maitland,-32.7107,151.5497,0,0,0,0,0,0,0,0,0,0,0,0,0,0,0,0,0,0,0,0,0,0,0,0,2,3,6,6,7,10,17,21,21,22,22,22,24
Manly,-33.801,151.255,0,0,0,0,0,0,0,0,0,0,0,0,0,0,0,0,0,0,0,0,0,0,0,0,0,0,0,0,0,0,0,0,0,0,0,0,0
Marrickville,-33.908,151.1591,0,0,0,0,0,0,0,0,0,0,0,0,2,2,2,2,3,3,3,3,4,6,7,7,8,9,12,15,19,25,25,31,36,44,47,48,52
Mid-western Regional,-32.602,149.716,0,0,0,0,0,0,0,0,0,0,0,0,0,0,0,0,0,0,0,0,0,0,0,0,0,0,0,0,0,2,2,3,3,3,5,5,6
Moree Plains,-29.2528,149.629,0,0,0,0,0,0,0,0,0,0,0,0,0,0,0,0,0,0,0,0,0,0,0,0,0,0,0,0,0,0,0,0,0,0,0,0,0
Mosman,-33.829,151.2446,0,0,0,0,0,0,0,0,0,0,0,0,0,0,0,0,0,0,2,3,3,5,9,9,10,11,16,19,21,22,24,26,28,29,29,29,29
Murray,-35.7322,144.742,0,0,0,0,0,0,0,0,0,0,0,0,0,0,0,0,0,0,0,0,0,0,0,0,0,0,0,0,0,0,0,0,0,0,0,0,0
Murrumbidgee,-34.672,145.414,0,0,0,0,0,0,0,0,0,0,0,0,0,0,0,0,0,0,0,0,0,0,0,0,0,0,0,0,0,0,0,0,0,2,3,3,2
Muswellbrook,-32.4895,150.5855,0,0,0,0,0,0,0,0,0,0,0,0,0,0,0,0,0,0,0,0,0,0,0,0,0,0,0,0,0,0,0,2,2,2,2,2,2
Nambucca,-30.6876,152.7691,0,0,0,0,0,0,0,0,0,0,0,0,0,0,0,0,0,0,0,0,0,0,0,0,0,0,0,0,0,2,2,2,2,2,3,3,2
Narrabri,-30.3275,149.6025,0,0,0,0,0,0,0,0,0,0,0,0,0,0,0,0,0,0,0,0,0,0,0,0,0,0,0,0,0,0,0,0,0,0,0,0,0
Narrandera,-34.6115,146.5798,0,0,0,0,0,0,0,0,0,0,0,0,0,0,0,0,0,0,0,0,0,0,0,0,0,0,0,0,0,0,0,0,0,0,0,0,0
Narromine,-32.2261,148.0656,0,0,0,0,0,0,0,0,0,0,0,0,0,0,0,0,0,0,0,0,0,0,0,0,0,0,0,0,0,0,0,2,2,2,2,2,2
Newcastle,-32.8801,151.696,0,0,0,0,0,0,0,0,0,0,0,0,0,0,0,0,0,0,0,0,0,0,2,5,7,8,11,12,18,23,26,29,34,36,37,38,43
North Sydney,-33.8345,151.2055,0,0,0,0,0,0,0,0,0,0,0,0,0,0,0,0,0,0,0,2,2,4,4,6,7,8,10,10,15,16,18,23,24,34,34,35,36
Oberon,-33.883,149.8113,0,0,0,0,0,0,0,0,0,0,0,0,0,0,0,0,0,0,0,0,0,0,0,0,0,0,0,0,0,0,0,0,0,0,0,0,0
Orange,-33.328,149.12,0,0,0,0,0,0,0,0,0,0,0,0,0,0,0,0,2,4,4,4,4,4,4,5,5,5,6,6,6,6,6,7,7,8,8,8,8
Palerang,-35.4231,149.6408,0,0,0,0,0,0,0,0,0,0,0,0,0,0,0,0,0,0,0,0,0,0,0,0,0,0,0,3,5,5,6,6,9,9,10,10,10
Parkes,-32.8808,147.9616,0,0,0,0,0,0,0,0,0,0,0,0,0,0,0,0,0,0,0,0,0,0,0,0,0,0,0,0,0,0,0,0,0,0,0,0,0
Parramatta,-33.823,151.016,0,2,2,2,2,2,2,2,2,2,2,3,4,7,11,11,11,11,12,14,15,15,17,17,17,18,19,22,24,25,25,29,31,33,33,34,33
Penrith,-33.765,150.706,0,0,0,0,0,0,0,0,0,0,0,0,2,2,2,2,2,2,2,2,4,4,4,8,8,9,9,12,14,17,27,31,37,44,45,45,48
Pittwater,-33.6435,151.2765,0,0,0,0,0,0,0,0,0,0,0,0,0,0,0,0,0,0,0,0,0,0,0,0,0,0,0,0,0,0,0,0,0,0,0,0,0
Port Macquarie-hastings,-31.4098,152.5315,0,0,0,0,0,0,0,0,0,0,0,0,0,0,0,0,0,0,0,0,0,0,0,0,2,2,2,2,5,6,8,8,12,16,22,24,25
Port Stephens,-32.7219,151.8443,0,0,0,0,0,0,0,0,0,0,0,0,0,0,0,0,0,0,0,0,0,0,0,0,0,0,3,3,6,10,13,14,17,19,22,23,25
Queanbeyan,-35.4094,149.2221,0,0,0,0,0,0,0,0,0,0,0,0,0,0,0,0,0,0,0,0,0,0,0,0,0,0,0,3,5,5,6,6,9,9,10,10,10
Randwick,-33.9705,151.2405,0,0,2,2,2,2,2,2,2,2,2,2,2,2,2,2,2,2,3,5,6,9,9,11,12,14,15,19,20,29,37,41,46,48,49,49,49
Richmond Valley,-29.027,153.005,0,0,0,0,0,0,0,0,0,0,0,0,0,0,0,0,0,0,0,0,0,0,0,0,0,0,0,0,0,0,0,0,0,0,0,0,0
Rockdale,-33.966,151.1435,0,0,0,0,0,0,0,0,0,0,0,0,2,2,2,2,2,5,5,7,7,8,8,9,9,9,9,12,14,17,18,18,19,22,26,28,33
Ryde,-33.8015,151.1125,0,0,0,0,0,0,0,0,0,2,2,3,7,8,8,9,9,10,11,12,12,14,14,15,18,18,21,25,27,30,35,36,37,43,49,49,52
Shellharbour,-34.5827,150.7738,0,0,0,0,0,0,0,0,0,0,0,0,0,0,0,0,0,0,0,0,0,0,0,0,2,2,3,6,8,10,14,16,17,18,18,18,19
Shoalhaven,-35.0943,150.3734,0,0,0,0,0,0,0,0,0,0,0,0,0,0,0,0,0,0,0,0,0,0,2,3,3,3,3,4,7,9,9,13,14,17,17,18,21
Singleton,-32.6604,150.9646,0,0,0,0,0,0,0,0,0,0,0,0,0,0,0,0,0,0,0,0,0,0,0,0,0,0,0,0,0,2,3,3,3,4,5,5,2
Snowy River,-36.3557,148.6777,0,0,0,0,0,0,0,0,0,0,0,0,0,0,0,0,0,0,0,0,0,0,0,0,0,0,0,0,0,0,0,2,6,6,6,6,7
Strathfield,-33.8808,151.0769,0,0,0,0,0,0,0,0,0,0,0,0,0,0,0,0,0,0,0,0,0,0,0,0,0,0,2,3,3,4,4,5,5,5,5,5,2
Sutherland Shire,-34.072,151.023,0,0,0,0,0,0,0,0,0,2,2,3,4,4,4,4,4,4,4,6,6,7,10,13,14,18,25,25,35,39,40,46,49,53,57,58,60
Sydney,-33.8892,151.2028,0,0,0,2,2,2,2,2,2,2,2,3,4,4,4,6,6,7,8,11,13,15,19,26,32,36,41,43,50,61,67,73,82,93,95,101,108
Tamworth Regional,-30.8924,150.9071,0,0,0,0,0,0,0,0,0,0,0,0,0,0,0,0,0,0,0,0,0,0,0,0,0,0,0,2,4,7,9,10,11,12,12,13,13
Temora,-34.3879,147.4837,0,0,0,0,0,0,0,0,0,0,0,0,0,0,0,0,0,0,0,0,0,0,0,0,0,0,0,0,0,0,0,0,0,0,0,0,0
Tenterfield,-28.9438,152.0865,0,0,0,0,0,0,0,0,0,0,0,0,0,0,0,0,0,0,0,0,0,0,0,0,0,0,0,0,3,3,3,3,3,4,4,4,2
The Hills Shire,-33.531,150.961,0,0,0,0,0,0,0,0,0,3,3,3,3,3,3,3,3,3,3,3,4,6,7,7,9,10,10,15,16,21,23,26,28,32,36,38,43
Tumbarumba,-36.0299,148.14,0,0,0,0,0,0,0,0,0,0,0,0,0,0,0,0,0,0,0,0,0,0,0,0,0,0,0,0,0,0,0,0,0,0,0,0,0
Tumut Shire,-35.4469,148.3552,0,0,0,0,0,0,0,0,0,0,0,0,0,0,0,0,0,0,0,0,0,0,0,0,0,0,0,0,0,0,0,0,0,0,0,0,0
Tweed,-28.36,153.3564,0,0,0,0,0,0,0,0,0,0,0,0,0,0,0,0,0,0,0,0,0,0,0,0,3,3,3,4,4,9,10,12,12,12,12,12,12
Upper Hunter Shire,-31.9815,151.0745,0,0,0,0,0,0,0,0,0,0,0,0,0,0,0,0,0,0,0,0,0,0,0,0,0,0,0,0,0,0,0,2,2,2,2,2,2
Upper Lachlan Shire,-34.4176,149.4557,0,0,0,0,0,0,0,0,0,0,0,0,0,0,0,0,0,0,0,0,0,0,0,0,0,0,0,0,0,0,0,0,0,3,3,3,2
Uralla,-30.5078,151.3125,0,0,0,0,0,0,0,0,0,0,0,0,0,0,0,0,0,0,0,0,0,0,0,0,0,0,0,0,0,0,0,0,0,0,0,0,0
Urana,-35.266,146.2773,0,0,0,0,0,0,0,0,0,0,0,0,0,0,0,0,0,0,0,0,0,0,0,0,0,0,0,0,0,0,3,3,5,6,6,6,7
Wagga Wagga,-35.1966,147.3665,0,0,0,0,0,0,0,0,0,0,0,0,0,0,0,0,0,0,0,0,0,0,0,0,0,0,0,0,0,0,3,4,5,5,6,6,9
Wakool,-35.1795,143.9085,0,0,0,0,0,0,0,0,0,0,0,0,0,0,0,0,0,0,0,0,0,0,0,0,0,0,0,0,0,0,0,0,0,0,0,0,0
Walcha,-31.1639,151.7846,0,0,0,0,0,0,0,0,0,0,0,0,0,0,0,0,0,0,0,0,0,0,0,0,0,0,0,0,0,0,0,0,0,0,0,0,0
Walgett,-29.7905,148.134,0,0,0,0,0,0,0,0,0,0,0,0,0,0,0,0,0,0,0,0,0,0,0,0,0,0,0,0,0,0,0,0,0,0,0,0,0
Warren,-31.56,147.729,0,0,0,0,0,0,0,0,0,0,0,0,0,0,0,0,0,0,0,0,0,0,0,0,0,0,0,0,0,0,0,0,2,2,2,2,2
Warringah,-33.7101,151.2299,0,0,0,0,0,0,0,0,0,0,0,0,3,3,3,3,4,4,5,5,6,9,14,17,20,29,39,42,53,57,69,77,88,90,98,102,110
Warrumbungle Shire,-31.647,149.454,0,0,0,0,0,0,0,0,0,0,0,0,0,0,0,0,0,0,0,0,0,0,0,0,0,0,0,2,2,2,2,2,2,3,3,3,2
Waverley,-33.8896,151.267,0,0,0,0,0,0,0,0,0,0,0,0,0,0,0,0,0,2,3,8,12,13,18,23,30,38,63,71,83,97,109,119,131,137,138,138,141
Weddin,-33.8724,148.012,0,0,0,0,0,0,0,0,0,0,0,0,0,0,0,0,0,0,0,0,0,0,0,0,0,0,0,0,0,0,0,2,2,2,2,2,2
Wellington,-32.575,148.974,0,0,0,0,0,0,0,0,0,0,0,0,0,0,0,0,0,0,0,0,0,0,0,0,0,0,0,0,0,0,0,0,0,0,0,0,0
Wentworth,-33.671,142.337,0,0,0,0,0,0,0,0,0,0,0,0,0,0,0,0,0,0,0,0,0,0,0,0,0,0,0,0,0,0,0,0,0,0,0,0,0
Willoughby,-33.8009,151.1966,0,0,0,0,0,0,0,0,0,0,0,0,0,0,2,2,2,2,2,2,3,3,6,6,6,6,9,9,12,14,14,15,15,18,19,19,20
Wingecarribee,-34.4769,150.3564,0,0,0,0,0,0,0,0,0,0,0,0,0,0,0,0,0,0,0,2,2,3,5,6,7,7,10,10,12,13,13,14,14,15,16,17,18
Wollondilly,-34.0695,150.463,0,0,0,0,0,0,0,0,0,0,0,0,0,0,0,0,0,0,0,0,0,0,0,0,0,0,0,0,0,0,0,2,3,3,3,3,2
Wollongong,-34.3688,150.8371,0,0,0,0,0,0,0,0,0,0,0,0,0,0,0,0,0,0,0,0,2,2,3,6,7,9,13,15,20,24,28,30,35,39,39,40,43
Woollahra,-33.8718,151.2573,0,0,0,0,0,0,0,0,0,0,0,0,0,2,2,2,3,6,10,11,12,14,15,19,22,28,37,45,50,59,63,70,71,75,77,77,80
Wyong,-33.2267,151.3755,0,0,0,0,0,0,0,0,0,0,0,0,0,0,0,0,0,2,2,2,2,3,4,4,7,8,11,16,20,26,37,46,57,72,78,84,85
Yass Valley,-34.954,148.8848,0,0,0,0,0,0,0,0,0,0,0,0,0,0,0,0,0,0,0,0,0,0,0,0,0,0,0,0,0,0,0,0,3,3,3,3,7
Young,-34.2395,148.1905,0,0,0,0,0,0,0,0,0,0,0,0,0,0,0,0,0,0,0,0,0,0,0,0,0,0,0,0,0,0,0,0,0,0,0,0,0
DATA FROM NSW HEALTH AND SYDNEY MORNING HERALD,,,,,,,,,,,,,,,,,,,,,,,,,,,,,,,,,,,,,,,
